Proj_id,sch_date,Rellat,Rellon,sp_id,catchdate,RecDate_reliability,reclat,reclon,recArea_reliability,EEZ,Validated,Verified,gr_id,flag_id,assoc_id,lenRel,tag_quality,Rel_len_reliability,Rec_len_reliability,lenRec,tag_no,tagger,RelDate,RecDate,libertyDays,libertyYears,lenDiff,lenAvg,growth1,growth30,growth365
PT,2009-08-08,0314.674S,15053.244E,S,2009-12-14,1,1141.640S,15503.480E,2,PG,1,0,S,JP,Z,52,1,1,1,56,P147990,EDT,2009-08-08,2009-12-14,128,0.350684931506849,4,54,0.03125,0.9375,11.40625
PT,2009-09-16,0057.173S,13859.656E,S,2010-03-19,3,0337.000S,16021.000E,4,PG,1,0,S,JP,Z,33,1,1,1,51,Z86508,ADL,2009-09-16,2010-03-19,184,0.504109589041096,18,42,0.0978260869565217,2.93478260869565,35.7065217391304
PT,2009-09-22,0448.047S,14722.036E,S,2010-03-19,3,0337.000S,16021.000E,4,PG,1,0,S,JP,Z,41,1,1,1,56,P161023,ADL,2009-09-22,2010-03-19,178,0.487671232876712,15,48.5,0.0842696629213483,2.52808988764045,30.7584269662921
PT,2009-09-24,0438.458S,15000.084E,S,2010-03-19,3,0337.000S,16021.000E,4,PG,1,0,S,JP,Z,44,1,1,1,55,P169661,ADL,2009-09-24,2010-03-19,176,0.482191780821918,11,49.5,0.0625,1.875,22.8125
PT,2009-10-11,0249.856S,15040.699E,S,2010-02-22,1,0245.000N,15345.000E,1,FM,1,0,S,JP,Z,53,1,1,1,59,P175150,DVP,2009-10-11,2010-02-22,134,0.367123287671233,6,56,0.0447761194029851,1.34328358208955,16.3432835820896
PT,2009-10-13,0510.582S,15339.934E,S,2010-03-19,3,0337.000S,16021.000E,4,PG,1,0,S,JP,Z,44,1,1,1,63,P175388,EDT,2009-10-13,2010-03-19,157,0.43013698630137,19,53.5,0.121019108280255,3.63057324840764,44.171974522293
PT,2009-10-14,0536.220S,15545.980E,S,2010-03-27,2,0033.000N,15119.000E,5,PG,0,1,S,JP,Z,45,1,1,1,55,P178114,HEM,2009-10-14,2010-03-27,164,0.449315068493151,10,50,0.0609756097560976,1.82926829268293,22.2560975609756
PT,2011-04-14,1006.108S,15509.990E,S,2011-08-16,3,0059.226N,15415.733E,6,FM,1,0,S,JP,Z,43,1,1,1,56,P188944,BML,2011-04-14,2011-08-16,124,0.33972602739726,13,49.5,0.104838709677419,3.14516129032258,38.2661290322581
PT,2011-05-01,0441.657S,15644.956E,S,2011-07-20,3,0050.567S,14956.299E,7,PG,1,1,S,JP,Z,51,1,1,1,54.8,P197804,DVP,2011-05-01,2011-07-20,80,0.219178082191781,3.8,52.9,0.0475,1.425,17.3375
PT,2011-05-31,0001.310S,14659.900E,S,2011-08-08,2,0405.000N,15222.000E,2,FM,1,0,S,JP,Z,55,1,1,1,56,P203234,SHS,2011-05-31,2011-08-08,69,0.189041095890411,1,55.5,0.0144927536231884,0.434782608695652,5.28985507246377
PT,2011-06-01,0204.450N,14657.150E,S,2011-07-17,3,0342.019N,14851.060E,7,FM,1,1,S,NA,Z,53,1,1,1,54.7,P204733,BRK,2011-06-01,2011-07-17,46,0.126027397260274,1.7,53.85,0.0369565217391305,1.10869565217391,13.4891304347826
PT,2011-06-04,0303.590S,14751.600E,S,2011-07-31,3,0537.568N,14932.217E,6,FM,1,0,S,JP,Z,51,1,1,1,51.9,P205465,BES,2011-06-04,2011-07-31,57,0.156164383561644,0.899999999999999,51.45,0.0157894736842105,0.473684210526315,5.76315789473683
PT,2011-06-14,0146.804S,15036.827E,S,2011-07-23,3,0646.874N,14452.909E,6,FM,1,0,S,JP,Z,47,1,1,1,50.6,P208350,BES,2011-06-14,2011-07-23,39,0.106849315068493,3.6,48.8,0.0923076923076923,2.76923076923077,33.6923076923077
PT,2011-06-14,0146.804S,15036.827E,S,2011-07-27,3,0057.012S,15254.192E,6,PG,1,0,S,JP,Z,47,1,1,1,50.8,P208903,BRK,2011-06-14,2011-07-27,43,0.117808219178082,3.8,48.9,0.0883720930232557,2.65116279069767,32.2558139534883
PT,2011-06-14,0146.510S,15045.204E,S,2011-08-16,3,0059.226N,15415.733E,6,FM,1,0,S,JP,Z,45,1,1,1,52,P207951,DVP,2011-06-14,2011-08-16,63,0.172602739726027,7,48.5,0.111111111111111,3.33333333333333,40.5555555555556
PT,2011-06-20,0113.478N,14657.522E,S,2011-07-30,3,0549.548N,14920.786E,5,FM,1,0,S,JP,Z,52,1,1,1,53.8,P209044,SJN,2011-06-20,2011-07-30,40,0.10958904109589,1.8,52.9,0.0449999999999999,1.35,16.425
PT,2011-06-20,0113.478N,14657.522E,S,2011-08-16,3,0059.226N,15415.733E,6,FM,1,0,S,JP,Z,56,1,1,1,57.3,P209355,ADL,2011-06-20,2011-08-16,57,0.156164383561644,1.3,56.65,0.0228070175438596,0.684210526315788,8.32456140350875
PT,2011-06-20,0113.478N,14657.522E,S,2011-08-16,3,0059.226N,15415.733E,6,FM,1,0,S,JP,Z,53,1,1,1,55,P178224,ADL,2011-06-20,2011-08-16,57,0.156164383561644,2,54,0.0350877192982456,1.05263157894737,12.8070175438596
PT,2011-06-20,0113.478N,14657.522E,S,2011-07-30,3,0239.614S,15909.113E,6,PG,1,0,S,JP,Z,55,1,1,1,56,P209325,ADL,2011-06-20,2011-07-30,40,0.10958904109589,1,55.5,0.025,0.75,9.125
PT,2011-06-25,0133.807S,14611.831E,S,2011-07-25,3,0050.655S,15224.135E,6,PG,1,0,S,JP,Z,39,1,1,1,41,P179310,BES,2011-06-25,2011-07-25,30,0.0821917808219178,2,40,0.0666666666666667,2,24.3333333333333
PT,2011-06-27,0202.010S,15036.467E,S,2011-07-27,3,0606.392N,14725.865E,6,FM,1,0,S,JP,Z,51,1,1,1,52.4,P179439,ADL,2011-06-27,2011-07-27,30,0.0821917808219178,1.4,51.7,0.0466666666666666,1.4,17.0333333333333
PT,2011-06-30,0209.553S,15548.460E,S,2011-08-16,3,0059.226N,15415.733E,6,FM,1,0,S,JP,Z,48,1,1,1,50,P209879,DVP,2011-06-30,2011-08-16,47,0.128767123287671,2,49,0.0425531914893617,1.27659574468085,15.531914893617
PT,2011-06-30,0209.553S,15548.460E,S,2011-08-16,3,0059.226N,15415.733E,6,FM,1,0,S,JP,Z,52,1,1,1,55.4,P209684,ADL,2011-06-30,2011-08-16,47,0.128767123287671,3.4,53.7,0.0723404255319149,2.17021276595745,26.4042553191489
PT,2011-06-30,0209.553S,15548.460E,S,2011-08-16,3,0059.226N,15415.733E,6,FM,1,0,S,JP,Z,45,1,1,1,47.5,P180900,ADL,2011-06-30,2011-08-16,47,0.128767123287671,2.5,46.25,0.0531914893617021,1.59574468085106,19.4148936170213
PT,2011-06-30,0209.613S,15540.774E,S,2011-08-16,3,0059.226N,15415.733E,6,FM,1,0,S,JP,Z,50,1,1,1,53,P210651,DVP,2011-06-30,2011-08-16,47,0.128767123287671,3,51.5,0.0638297872340425,1.91489361702128,23.2978723404255
PT,2011-06-30,0209.613S,15540.774E,S,2011-08-16,3,0059.226N,15415.733E,6,FM,1,0,S,JP,Z,49,1,1,1,53,P210060,ADL,2011-06-30,2011-08-16,47,0.128767123287671,4,51,0.0851063829787234,2.5531914893617,31.063829787234
PT,2011-06-30,0209.613S,15540.774E,S,2011-08-16,3,0059.226N,15415.733E,6,FM,1,0,S,JP,Z,47,1,1,1,51.7,P210072,ADL,2011-06-30,2011-08-16,47,0.128767123287671,4.7,49.35,0.1,3,36.5
PT,2011-06-30,0209.613S,15540.774E,S,2011-08-16,3,0059.226N,15415.733E,6,FM,1,0,S,JP,Z,53,1,1,1,54,P210415,ADL,2011-06-30,2011-08-16,47,0.128767123287671,1,53.5,0.0212765957446809,0.638297872340426,7.76595744680851
PT,2011-06-30,0209.613S,15540.774E,S,2011-08-16,3,0059.226N,15415.733E,6,FM,1,0,S,JP,Z,50,1,1,1,53.5,P210385,NAQ,2011-06-30,2011-08-16,47,0.128767123287671,3.5,51.75,0.074468085106383,2.23404255319149,27.1808510638298
PT,2011-07-01,0339.539S,15423.644E,S,2011-08-16,3,0059.226N,15415.733E,6,FM,1,0,S,JP,Z,50,1,1,1,53.3,P210719,ADL,2011-07-01,2011-08-16,46,0.126027397260274,3.3,51.65,0.0717391304347825,2.15217391304348,26.1847826086956
PT,2011-07-01,0339.539S,15423.644E,S,2011-08-16,3,0059.226N,15415.733E,6,FM,1,0,S,JP,Z,47,1,1,1,51.2,P210765,ADL,2011-07-01,2011-08-16,46,0.126027397260274,4.2,49.1,0.091304347826087,2.73913043478261,33.3260869565218
PT,2011-07-01,0339.539S,15423.644E,S,2011-07-31,3,0102.548N,15221.999E,6,FM,1,0,S,JP,Z,49,1,1,1,51,P211095,BES,2011-07-01,2011-07-31,30,0.0821917808219178,2,50,0.0666666666666667,2,24.3333333333333
PT,2011-07-02,0356.769S,15416.026E,S,2011-08-16,3,0059.226N,15415.733E,6,FM,1,0,S,JP,Z,50,1,1,1,52.8,P212703,ADL,2011-07-02,2011-08-16,45,0.123287671232877,2.8,51.4,0.0622222222222222,1.86666666666666,22.7111111111111
PT,2011-07-02,0356.769S,15416.026E,S,2011-08-16,3,0059.226N,15415.733E,6,FM,1,0,S,JP,Z,48,1,1,1,52.8,P212019,NAQ,2011-07-02,2011-08-16,45,0.123287671232877,4.8,50.4,0.106666666666667,3.2,38.9333333333333
PT,2011-07-04,0458.027S,15600.941E,S,2011-08-16,3,0059.226N,15415.733E,6,FM,1,0,S,JP,Z,45,1,1,1,47,Z98753,BES,2011-07-04,2011-08-16,43,0.117808219178082,2,46,0.0465116279069767,1.3953488372093,16.9767441860465
PT,2011-07-04,0529.883S,15505.055E,S,2011-08-20,3,0013.851S,15441.770E,6,FM,1,0,S,JP,Z,54,1,1,1,55,P213484,NAQ,2011-07-04,2011-08-20,47,0.128767123287671,1,54.5,0.0212765957446809,0.638297872340426,7.76595744680851
PT,2011-07-04,0529.883S,15505.055E,S,2011-08-16,3,0059.226N,15415.733E,6,FM,1,0,S,JP,Z,52,1,1,1,53,P213032,ADL,2011-07-04,2011-08-16,43,0.117808219178082,1,52.5,0.0232558139534884,0.697674418604651,8.48837209302325
PT,2011-07-05,0516.440S,15502.505E,S,2011-08-16,3,0059.226N,15415.733E,6,FM,1,0,S,JP,Z,54,1,1,1,55,P199158,DVP,2011-07-05,2011-08-16,42,0.115068493150685,1,54.5,0.0238095238095238,0.714285714285714,8.69047619047619
PT,2011-07-07,0520.612S,15451.344E,S,2011-08-10,3,0102.548N,15221.999E,6,FM,1,0,S,JP,Z,53,1,1,1,54,P184112,BES,2011-07-07,2011-08-10,34,0.0931506849315069,1,53.5,0.0294117647058824,0.882352941176471,10.7352941176471
PT,2011-07-09,0523.090S,15455.965E,S,2011-08-16,3,0059.226N,15415.733E,6,FM,1,0,S,JP,Z,52,1,1,1,54,P185389,BRK,2011-07-09,2011-08-16,38,0.104109589041096,2,53,0.0526315789473684,1.57894736842105,19.2105263157895
PT,2011-07-09,0515.271S,15456.799E,S,2011-08-16,3,0059.226N,15415.733E,6,FM,1,0,S,JP,Z,55,1,1,1,57,P184681,BRK,2011-07-09,2011-08-16,38,0.104109589041096,2,56,0.0526315789473684,1.57894736842105,19.2105263157895
PT,2011-07-09,0515.271S,15456.799E,S,2011-08-16,3,0059.226N,15415.733E,6,FM,1,0,S,JP,Z,48,1,1,1,51.2,P185004,ADL,2011-07-09,2011-08-16,38,0.104109589041096,3.2,49.6,0.0842105263157896,2.52631578947369,30.7368421052632
PT,2011-07-12,0457.903S,15600.581E,S,2011-08-16,3,0059.226N,15415.733E,6,FM,1,0,S,JP,Z,51,1,1,1,52.4,P180293,ADL,2011-07-12,2011-08-16,35,0.0958904109589041,1.4,51.7,0.04,1.2,14.6
PT,2011-07-12,0457.903S,15600.581E,S,2011-08-16,3,0059.226N,15415.733E,6,FM,1,0,S,JP,Z,47,1,1,1,51.4,P188065,BRK,2011-07-12,2011-08-16,35,0.0958904109589041,4.4,49.2,0.125714285714286,3.77142857142857,45.8857142857143
PT,2011-07-12,0457.903S,15600.581E,S,2011-08-16,3,0059.226N,15415.733E,6,FM,1,0,S,JP,Z,45,1,1,1,48,P185655,BRK,2011-07-12,2011-08-16,35,0.0958904109589041,3,46.5,0.0857142857142857,2.57142857142857,31.2857142857143
PT,2011-07-12,0457.903S,15600.581E,S,2011-08-16,3,0059.226N,15415.733E,6,FM,1,0,S,JP,Z,46,1,1,1,47.1,P185904,BRK,2011-07-12,2011-08-16,35,0.0958904109589041,1.1,46.55,0.0314285714285715,0.942857142857144,11.4714285714286
PT,2011-07-12,0457.903S,15600.581E,S,2011-08-16,3,0059.226N,15415.733E,6,FM,1,0,S,JP,Z,52,1,1,1,53.9,P185211,ADL,2011-07-12,2011-08-16,35,0.0958904109589041,1.9,52.95,0.0542857142857142,1.62857142857143,19.8142857142857
PT,2011-07-12,0457.903S,15600.581E,S,2011-08-16,2,0059.227N,15415.684E,5,FM,1,0,S,JP,Z,43,1,1,1,46,P185224,ADL,2011-07-12,2011-08-16,35,0.0958904109589041,3,44.5,0.0857142857142857,2.57142857142857,31.2857142857143
PT,2011-07-12,0457.903S,15600.581E,S,2011-08-16,3,0059.226N,15415.733E,6,FM,1,0,S,JP,Z,47,1,1,1,50.4,P186055,ADL,2011-07-12,2011-08-16,35,0.0958904109589041,3.4,48.7,0.0971428571428571,2.91428571428571,35.4571428571428
PT,2011-07-12,0457.903S,15600.581E,S,2011-08-16,3,0059.226N,15415.733E,6,FM,1,0,S,JP,Z,45,1,1,1,49,P186063,ADL,2011-07-12,2011-08-16,35,0.0958904109589041,4,47,0.114285714285714,3.42857142857143,41.7142857142857
PT,2019-07-25,0126.000S,15230.000E,S,2020-02-24,3,0122.440N,14535.580E,6,PG,1,0,S,JP,Z,43,1,1,1,55,P316542,BML,2019-07-25,2020-02-24,214,0.586301369863014,12,49,0.0560747663551402,1.68224299065421,20.4672897196262
PT,2019-07-31,0005.000N,14441.000E,S,2020-01-08,3,0521.180S,15405.460E,6,PG,1,0,S,JP,Z,55,1,1,1,58.4,P316644,ADL,2019-07-31,2020-01-08,161,0.441095890410959,3.4,56.7,0.0211180124223602,0.633540372670807,7.70807453416149
PT,2019-07-31,0005.000N,14441.000E,S,2020-03-17,3,0151.780N,15306.540E,6,FM,1,0,S,JP,Z,56,1,1,1,64.3,P316651,ADL,2019-07-31,2020-03-17,230,0.63013698630137,8.3,60.15,0.0360869565217391,1.08260869565217,13.1717391304348
PT,2019-07-31,0011.140N,14439.300E,S,2020-02-23,2,0028.260N,14230.060E,5,PG,1,0,S,JP,Z,53,1,1,1,58.2,P316700,ADL,2019-07-31,2020-02-23,207,0.567123287671233,5.2,55.6,0.0251207729468599,0.753623188405797,9.16908212560387
PT,2019-07-31,0011.140N,14439.300E,S,2019-12-12,3,0219.500N,15226.460E,6,FM,1,0,S,JP,Z,53,1,1,1,56.9,P316812,ADL,2019-07-31,2019-12-12,134,0.367123287671233,3.9,54.95,0.0291044776119403,0.873134328358209,10.6231343283582
PT,2019-07-31,0011.140N,14439.300E,S,2020-02-12,3,0048.500S,15545.000E,7,FM,1,0,S,JP,Z,51,1,1,1,58.7,P316826,ADL,2019-07-31,2020-02-12,196,0.536986301369863,7.7,54.85,0.0392857142857143,1.17857142857143,14.3392857142857
PT,2019-07-31,0011.140N,14439.300E,S,2019-11-16,2,0153.280N,15434.620E,7,FM,1,0,S,JP,Z,51,1,1,1,55,P315926,MAB,2019-07-31,2019-11-16,108,0.295890410958904,4,53,0.037037037037037,1.11111111111111,13.5185185185185
PT,2019-07-31,0011.140N,14439.300E,S,2020-02-11,3,0445.000N,15144.280E,7,FM,1,0,S,JP,Z,53,1,1,1,58.1,P315937,MAB,2019-07-31,2020-02-11,195,0.534246575342466,5.1,55.55,0.0261538461538462,0.784615384615385,9.54615384615385
PT,2019-08-01,0129.700N,14227.500E,S,2019-12-20,3,0127.420S,15441.460E,7,PG,1,0,S,JP,Z,55,1,1,1,61.8,P317718,ADL,2019-08-01,2019-12-20,141,0.386301369863014,6.8,58.4,0.0482269503546099,1.4468085106383,17.6028368794326
PT,2019-08-01,0129.700N,14227.500E,S,2019-12-05,2,0409.660N,15033.420E,5,FM,1,0,S,JP,Z,51,1,1,1,57.1,P317723,ADL,2019-08-01,2019-12-05,126,0.345205479452055,6.1,54.05,0.0484126984126984,1.45238095238095,17.6706349206349
PT,2019-08-01,0129.700N,14227.500E,S,2019-12-12,3,0227.000N,15222.980E,6,FM,1,0,S,JP,Z,53,1,1,1,57.8,P317630,FER,2019-08-01,2019-12-12,133,0.364383561643836,4.8,55.4,0.0360902255639098,1.08270676691729,13.1729323308271
PT,2019-08-01,0141.400N,14147.400E,S,2019-12-17,3,0148.900S,15227.600E,7,PG,1,0,S,JP,Z,42,1,1,1,51.8,P317749,ADL,2019-08-01,2019-12-17,138,0.378082191780822,9.8,46.9,0.0710144927536232,2.13043478260869,25.9202898550725
PT,2019-08-02,0235.000N,14033.000E,S,2020-02-12,3,0048.500S,15545.000E,7,FM,1,0,S,JP,Z,48,1,1,1,55.6,P317796,ADL,2019-08-02,2020-02-12,194,0.531506849315069,7.6,51.8,0.0391752577319588,1.17525773195876,14.298969072165
PT,2019-08-02,0240.000N,14035.700E,S,2020-03-29,3,0031.740N,14427.660E,7,PG,1,0,S,JP,Z,54,1,1,1,59.6,P317554,DAL,2019-08-02,2020-03-29,240,0.657534246575342,5.6,56.8,0.0233333333333333,0.7,8.51666666666667
PT,2019-08-02,0240.000N,14035.700E,S,2020-02-03,2,0015.600S,14807.860E,6,PG,1,0,S,JP,Z,52,1,1,1,58.6,P317684,BML,2019-08-02,2020-02-03,185,0.506849315068493,6.6,55.3,0.0356756756756757,1.07027027027027,13.0216216216216
PT,2019-08-02,0240.000N,14035.700E,S,2020-02-12,3,0048.500S,15545.000E,7,FM,1,0,S,JP,Z,55,1,1,1,59.7,P317700,BML,2019-08-02,2020-02-12,194,0.531506849315069,4.7,57.35,0.0242268041237114,0.726804123711341,8.84278350515464
PT,2019-08-02,0240.000N,14035.700E,S,2020-02-12,2,0213.260N,15314.580E,7,FM,1,0,S,JP,Z,50,1,1,1,55.7,P317446,ADL,2019-08-02,2020-02-12,194,0.531506849315069,5.7,52.85,0.0293814432989691,0.881443298969073,10.7242268041237
PT,2019-08-02,0240.000N,14035.700E,S,2019-12-18,3,0201.500S,15230.540E,6,PG,1,0,S,JP,Z,55,1,1,1,58.3,P315988,MAB,2019-08-02,2019-12-18,138,0.378082191780822,3.3,56.65,0.0239130434782608,0.717391304347825,8.72826086956521
PT,2019-08-02,0240.000N,14035.700E,S,2019-12-12,3,0227.000N,15222.980E,6,FM,1,0,S,JP,Z,51,1,1,1,57,P317104,MAB,2019-08-02,2019-12-12,132,0.361643835616438,6,54,0.0454545454545455,1.36363636363636,16.5909090909091
PT,2019-08-02,0240.120N,14027.000E,S,2019-10-31,1,0050.520N,14559.580E,6,PG,1,0,S,JP,Z,50,1,1,1,55,P315775,ADL,2019-08-02,2019-10-31,90,0.246575342465753,5,52.5,0.0555555555555556,1.66666666666667,20.2777777777778
PT,2019-08-08,0744.640N,13423.800E,S,2019-12-25,3,0054.420N,15312.480E,7,FM,1,0,S,JP,Z,56,1,1,1,59.4,P319759,ADL,2019-08-08,2019-12-25,139,0.380821917808219,3.4,57.7,0.0244604316546762,0.733812949640287,8.92805755395683
PT,2019-08-08,0744.640N,13423.800E,S,2019-11-18,3,0125.560N,14741.100E,6,PG,1,0,S,JP,Z,51,1,1,1,55.4,P319224,BML,2019-08-08,2019-11-18,102,0.279452054794521,4.4,53.2,0.0431372549019608,1.29411764705882,15.7450980392157
PT,2019-08-08,0744.640N,13423.800E,S,2020-02-12,3,0009.720S,15506.060E,7,FM,1,0,S,JP,Z,53,1,1,1,56.1,P319246,BML,2019-08-08,2020-02-12,188,0.515068493150685,3.1,54.55,0.0164893617021277,0.49468085106383,6.0186170212766
PT,2019-08-08,0744.640N,13423.800E,S,2019-11-21,3,0132.700N,14757.060E,6,PG,1,0,S,JP,Z,50,1,1,1,55,P319257,BML,2019-08-08,2019-11-21,105,0.287671232876712,5,52.5,0.0476190476190476,1.42857142857143,17.3809523809524
PT,2019-08-08,0744.640N,13423.800E,S,2020-02-11,3,0445.000N,15144.280E,7,FM,1,0,S,JP,Z,52,1,1,1,58,P319285,BML,2019-08-08,2020-02-11,187,0.512328767123288,6,55,0.0320855614973262,0.962566844919786,11.7112299465241
PT,2019-08-08,0744.640N,13423.800E,S,2020-02-11,3,0455.140N,15147.400E,7,FM,1,0,S,JP,Z,51,1,1,1,56.4,P319293,BML,2019-08-08,2020-02-11,187,0.512328767123288,5.4,53.7,0.0288770053475936,0.866310160427807,10.5401069518717
PT,2019-08-08,0744.640N,13423.800E,S,2019-11-21,3,0132.100N,14755.080E,6,PG,1,0,S,JP,Z,52,1,1,1,55.6,P317865,MAB,2019-08-08,2019-11-21,105,0.287671232876712,3.6,53.8,0.0342857142857143,1.02857142857143,12.5142857142857
PT,2019-08-08,0744.640N,13423.800E,S,2019-12-20,3,0127.420S,15441.460E,7,PG,1,0,S,JP,Z,52,1,1,1,53.9,P317869,MAB,2019-08-08,2019-12-20,134,0.367123287671233,1.9,52.95,0.0141791044776119,0.425373134328358,5.17537313432835
PT,2019-08-08,0744.640N,13423.800E,S,2019-12-06,3,0337.980N,15134.080E,6,FM,1,0,S,JP,Z,56,1,1,1,57,P317888,MAB,2019-08-08,2019-12-06,120,0.328767123287671,1,56.5,0.00833333333333333,0.25,3.04166666666667
PT,2019-08-08,0744.640N,13423.800E,S,2019-12-05,2,0409.660N,15033.420E,5,FM,1,0,S,JP,Z,54,1,1,1,56.7,P318474,JFM,2019-08-08,2019-12-05,119,0.326027397260274,2.7,55.35,0.0226890756302521,0.680672268907564,8.28151260504202
PT,2019-08-08,0744.640N,13423.800E,S,2019-12-25,3,0054.420N,15312.480E,6,FM,1,0,S,JP,Z,44,1,1,1,57.2,P318480,JFM,2019-08-08,2019-12-25,139,0.380821917808219,13.2,50.6,0.0949640287769784,2.84892086330935,34.6618705035971
PT,2019-08-08,0744.640N,13423.800E,S,2019-11-21,3,0132.700N,14757.060E,6,PG,1,0,S,JP,Z,54,1,1,1,60.1,P318484,JFM,2019-08-08,2019-11-21,105,0.287671232876712,6.1,57.05,0.0580952380952381,1.74285714285714,21.2047619047619
PT,2019-08-08,0744.640N,13423.800E,S,2020-02-11,3,0445.000N,15144.280E,7,FM,1,0,S,JP,Z,52,1,1,1,56.6,P318954,ADL,2019-08-08,2020-02-11,187,0.512328767123288,4.6,54.3,0.0245989304812834,0.737967914438503,8.97860962566845
PT,2019-08-08,0744.640N,13423.800E,S,2019-11-25,1,0116.020N,14555.680E,4,PG,1,0,S,JP,Z,50,1,1,1,56,P318959,ADL,2019-08-08,2019-11-25,109,0.298630136986301,6,53,0.055045871559633,1.65137614678899,20.0917431192661
PT,2019-08-08,0744.640N,13423.800E,S,2020-02-03,2,0015.600S,14807.860E,6,PG,1,0,S,JP,Z,52,1,1,1,56.7,P318960,ADL,2019-08-08,2020-02-03,179,0.49041095890411,4.7,54.35,0.0262569832402235,0.787709497206704,9.58379888268157
PT,2019-08-08,0744.640N,13423.800E,S,2020-02-25,2,0102.580N,14454.420E,6,PG,1,0,S,JP,Z,55,1,1,1,58.1,P318984,ADL,2019-08-08,2020-02-25,201,0.550684931506849,3.1,56.55,0.0154228855721393,0.462686567164179,5.62935323383085
PT,2019-08-08,0744.640N,13423.800E,S,2019-12-12,3,0219.500N,15226.460E,6,FM,1,0,S,JP,Z,52,1,1,1,56.3,P319728,ADL,2019-08-08,2019-12-12,126,0.345205479452055,4.3,54.15,0.0341269841269841,1.02380952380952,12.4563492063492
PT,2019-08-08,0744.640N,13423.800E,S,2019-12-12,3,0227.000N,15222.980E,6,FM,1,0,S,JP,Z,51,1,1,1,53.8,P319381,JFM,2019-08-08,2019-12-12,126,0.345205479452055,2.8,52.4,0.0222222222222222,0.666666666666666,8.1111111111111
PT,2019-08-08,0744.640N,13423.800E,S,2020-02-23,2,0028.260N,14230.060E,5,PG,1,0,S,JP,Z,54,1,1,1,59.8,P319742,ADL,2019-08-08,2020-02-23,199,0.545205479452055,5.8,56.9,0.0291457286432161,0.874371859296482,10.6381909547739
PT,2019-08-08,0744.640N,13423.800E,S,2019-11-23,1,0150.100N,15037.440E,4,PG,1,0,S,JP,1,51,1,1,1,56,P319385,JFM,2019-08-08,2019-11-23,107,0.293150684931507,5,53.5,0.0467289719626168,1.4018691588785,17.0560747663551
PT,2019-08-08,0744.640N,13423.800E,S,2019-11-16,2,0153.280N,15434.620E,7,FM,1,0,S,JP,Z,53,1,1,1,57.5,P319758,ADL,2019-08-08,2019-11-16,100,0.273972602739726,4.5,55.25,0.045,1.35,16.425
PT,2019-08-08,0744.640N,13423.800E,S,2019-11-16,2,0153.280N,15434.620E,7,FM,1,0,S,JP,Z,52,1,1,1,59,P318256,ADL,2019-08-08,2019-11-16,100,0.273972602739726,7,55.5,0.07,2.1,25.55
PT,2019-08-08,0744.640N,13423.800E,S,2019-11-19,3,0205.340N,15421.240E,7,FM,1,0,S,JP,Z,50,1,1,1,54,P317075,DAL,2019-08-08,2019-11-19,103,0.282191780821918,4,52,0.0388349514563107,1.16504854368932,14.1747572815534
PT,2019-08-08,0744.640N,13423.800E,S,2019-12-21,3,0104.740S,15633.720E,6,FM,1,0,S,JP,Z,50,1,1,1,56,P319787,ADL,2019-08-08,2019-12-21,135,0.36986301369863,6,53,0.0444444444444444,1.33333333333333,16.2222222222222
PT,2019-08-08,0744.640N,13423.800E,S,2019-11-18,3,0149.140N,15402.340E,7,FM,1,0,S,JP,Z,54,1,1,1,57.7,P319605,JFM,2019-08-08,2019-11-18,102,0.279452054794521,3.7,55.85,0.0362745098039216,1.08823529411765,13.2401960784314
PT,2019-08-08,0744.640N,13423.800E,S,2019-11-16,2,0153.280N,15434.620E,7,FM,1,0,S,JP,Z,50,1,1,1,54,P319618,JFM,2019-08-08,2019-11-16,100,0.273972602739726,4,52,0.04,1.2,14.6
PT,2019-08-08,0744.640N,13423.800E,S,2019-11-18,3,0125.560N,14741.100E,6,PG,1,0,S,JP,Z,49,1,1,1,54.5,P318273,ADL,2019-08-08,2019-11-18,102,0.279452054794521,5.5,51.75,0.053921568627451,1.61764705882353,19.6813725490196
PT,2019-08-08,0744.640N,13423.800E,S,2020-02-09,2,0123.580N,14812.960E,7,PG,1,0,S,JP,Z,56,1,1,1,58.5,P319643,JFM,2019-08-08,2020-02-09,185,0.506849315068493,2.5,57.25,0.0135135135135135,0.405405405405405,4.93243243243243
PT,2019-08-08,0744.640N,13423.800E,S,2019-12-18,3,0201.500S,15230.540E,6,PG,1,0,S,JP,Z,53,1,1,1,55.8,P319645,JFM,2019-08-08,2019-12-18,132,0.361643835616438,2.8,54.4,0.0212121212121212,0.636363636363636,7.74242424242423
PT,2019-08-08,0744.640N,13423.800E,S,2019-12-06,3,0337.980N,15134.080E,7,FM,1,0,S,JP,Z,52,1,1,1,53.9,P318868,ADL,2019-08-08,2019-12-06,120,0.328767123287671,1.9,52.95,0.0158333333333333,0.475,5.77916666666666
PT,2019-08-08,0744.640N,13423.800E,S,2019-11-18,3,0125.560N,14741.100E,6,PG,1,0,S,JP,Z,52,1,1,1,55.6,P318890,ADL,2019-08-08,2019-11-18,102,0.279452054794521,3.6,53.8,0.0352941176470588,1.05882352941177,12.8823529411765
PT,2019-08-08,0744.640N,13423.800E,S,2020-01-29,3,0021.540S,15626.280E,7,FM,1,0,S,JP,Z,51,1,1,1,55.2,P317904,ADL,2019-08-08,2020-01-29,174,0.476712328767123,4.2,53.1,0.0241379310344828,0.724137931034483,8.81034482758621
PT,2019-08-08,0744.640N,13423.800E,S,2019-11-21,3,0132.700N,14757.060E,6,PG,1,0,S,JP,Z,49,1,1,1,53.8,P317938,ADL,2019-08-08,2019-11-21,105,0.287671232876712,4.8,51.4,0.0457142857142857,1.37142857142857,16.6857142857143
PT,2019-08-08,0744.640N,13423.800E,S,2020-02-12,3,0048.500S,15545.000E,7,FM,1,0,S,JP,Z,51,1,1,1,56,P317941,ADL,2019-08-08,2020-02-12,188,0.515068493150685,5,53.5,0.0265957446808511,0.797872340425532,9.70744680851064
PT,2019-08-08,0744.640N,13423.800E,S,2019-11-19,3,0205.340N,15421.240E,7,FM,1,0,S,JP,Z,54,1,1,1,56.3,P319453,JFM,2019-08-08,2019-11-19,103,0.282191780821918,2.3,55.15,0.0223300970873786,0.669902912621358,8.1504854368932
PT,2019-08-08,0744.640N,13423.800E,S,2019-11-18,3,0323.460N,15656.700E,7,FM,1,0,S,JP,Z,52,1,1,1,54.1,P318318,JFM,2019-08-08,2019-11-18,102,0.279452054794521,2.1,53.05,0.0205882352941177,0.61764705882353,7.51470588235295
PT,2019-08-08,0744.640N,13423.800E,S,2019-11-18,3,0323.460N,15656.700E,7,FM,1,0,S,JP,Z,47,1,1,1,55,P318347,JFM,2019-08-08,2019-11-18,102,0.279452054794521,8,51,0.0784313725490196,2.35294117647059,28.6274509803922
PT,2019-08-08,0744.640N,13423.800E,S,2019-12-25,3,0054.420N,15312.480E,7,FM,1,0,S,JP,Z,50,1,1,1,57.6,P318638,JFM,2019-08-08,2019-12-25,139,0.380821917808219,7.6,53.8,0.0546762589928058,1.64028776978417,19.9568345323741
PT,2019-08-08,0744.640N,13423.800E,S,2019-11-18,3,0125.560N,14741.100E,6,PG,1,0,S,JP,Z,55,1,1,1,58.6,P318675,JFM,2019-08-08,2019-11-18,102,0.279452054794521,3.6,56.8,0.0352941176470588,1.05882352941177,12.8823529411765
PT,2019-08-08,0744.640N,13423.800E,S,2019-12-05,2,0409.660N,15033.420E,5,FM,1,0,S,JP,Z,52,1,1,1,55.7,P317054,DAL,2019-08-08,2019-12-05,119,0.326027397260274,3.7,53.85,0.0310924369747899,0.932773109243698,11.3487394957983
PT,2019-08-08,0744.640N,13423.800E,S,2019-11-21,3,0132.100N,14755.080E,6,PG,1,0,S,JP,Z,55,1,1,1,60.1,P318015,DAL,2019-08-08,2019-11-21,105,0.287671232876712,5.1,57.55,0.0485714285714286,1.45714285714286,17.7285714285714
PT,2019-08-08,0744.640N,13423.800E,S,2020-02-24,3,0128.140N,14539.600E,6,PG,1,0,S,JP,Z,55,1,1,1,56.5,P318022,DAL,2019-08-08,2020-02-24,200,0.547945205479452,1.5,55.75,0.0075,0.225,2.7375
PT,2019-08-09,0744.471N,13423.680E,S,2019-12-06,3,0337.980N,15134.080E,7,FM,1,0,S,JP,Z,55,1,1,1,62.1,P319161,ADL,2019-08-09,2019-12-06,119,0.326027397260274,7.1,58.55,0.0596638655462185,1.78991596638655,21.7773109243698
PT,2019-08-09,0744.471N,13423.680E,S,2019-11-21,3,0132.700N,14757.060E,6,PG,1,0,S,JP,Z,54,1,1,1,58,P319178,ADL,2019-08-09,2019-11-21,104,0.284931506849315,4,56,0.0384615384615385,1.15384615384615,14.0384615384615
PT,2019-08-09,0744.471N,13423.680E,S,2020-02-09,2,0123.580N,14812.960E,7,PG,1,0,S,JP,Z,56,1,1,1,64.8,P320856,ADL,2019-08-09,2020-02-09,184,0.504109589041096,8.8,60.4,0.0478260869565217,1.43478260869565,17.4565217391304
PT,2019-08-09,0744.471N,13423.680E,S,2020-04-16,1,0015.000N,14518.000E,8,PG,1,1,S,JP,Z,50,1,1,1,63,P320859,ADL,2019-08-09,2020-04-16,251,0.687671232876712,13,56.5,0.051792828685259,1.55378486055777,18.9043824701195
PT,2019-08-09,0744.471N,13423.680E,S,2019-11-19,3,0209.960N,15427.300E,7,FM,1,0,S,JP,Z,49,1,1,1,56.8,P320612,ADL,2019-08-09,2019-11-19,102,0.279452054794521,7.8,52.9,0.0764705882352941,2.29411764705882,27.9117647058823
PT,2019-08-09,0744.471N,13423.680E,S,2019-12-02,3,0457.060N,14746.140E,6,FM,1,0,P,JP,Z,53,1,1,1,55,P320633,ADL,2019-08-09,2019-12-02,115,0.315068493150685,2,54,0.0173913043478261,0.521739130434783,6.34782608695652
PT,2019-08-09,0744.471N,13423.680E,S,2019-12-02,3,0550.000N,14325.000E,1,FM,1,0,S,JP,Z,56,1,1,1,60,P320066,JFM,2019-08-09,2019-12-02,115,0.315068493150685,4,58,0.0347826086956522,1.04347826086957,12.695652173913
PT,2019-08-09,0744.471N,13423.680E,S,2020-02-18,2,0059.820N,14900.360E,7,PG,1,0,S,JP,Z,53,1,1,1,58,P320162,JFM,2019-08-09,2020-02-18,193,0.528767123287671,5,55.5,0.0259067357512953,0.77720207253886,9.4559585492228
PT,2019-08-09,0744.471N,13423.680E,S,2020-01-03,2,0053.460S,15153.220E,6,PG,1,0,S,JP,Z,52,1,1,1,56.6,P320189,JFM,2019-08-09,2020-01-03,147,0.402739726027397,4.6,54.3,0.0312925170068027,0.938775510204082,11.421768707483
PT,2019-08-09,0744.471N,13423.680E,S,2019-11-18,3,0323.460N,15656.700E,7,FM,1,0,S,JP,Z,51,1,1,1,56.6,P318077,DAL,2019-08-09,2019-11-18,101,0.276712328767123,5.6,53.8,0.0554455445544555,1.66336633663366,20.2376237623762
PT,2019-08-09,0744.471N,13423.680E,S,2020-02-12,3,0048.500S,15545.000E,7,FM,1,0,S,JP,Z,55,1,1,1,55.1,P318097,DAL,2019-08-09,2020-02-12,187,0.512328767123288,0.100000000000001,55.05,0.000534759358288778,0.0160427807486633,0.195187165775404
PT,2019-08-09,0744.471N,13423.680E,S,2019-12-20,3,0127.420S,15441.460E,7,PG,1,0,S,JP,Z,48,1,1,1,56.4,P319831,DAL,2019-08-09,2019-12-20,133,0.364383561643836,8.4,52.2,0.0631578947368421,1.89473684210526,23.0526315789474
PT,2019-08-09,0744.471N,13423.680E,S,2020-03-21,3,0136.060N,15356.820E,6,FM,1,0,S,JP,Z,57,1,1,1,59.4,P319864,DAL,2019-08-09,2020-03-21,225,0.616438356164384,2.4,58.2,0.0106666666666667,0.32,3.89333333333333
PT,2019-08-09,0745.400N,13421.500E,S,2019-11-21,3,0132.100N,14755.080E,6,PG,1,0,S,JP,Z,55,1,1,1,55.3,P320590,JFM,2019-08-09,2019-11-21,104,0.284931506849315,0.299999999999997,55.15,0.00288461538461536,0.0865384615384607,1.05288461538461
PT,2019-08-09,0745.400N,13421.500E,S,2019-11-16,2,0153.280N,15434.620E,7,FM,1,0,S,JP,Z,53,1,1,1,56.9,P321239,JFM,2019-08-09,2019-11-16,99,0.271232876712329,3.9,54.95,0.0393939393939394,1.18181818181818,14.3787878787879
PT,2019-08-09,0745.400N,13421.500E,S,2020-01-03,2,0053.460S,15153.220E,6,PG,1,0,S,JP,Z,54,1,1,1,58.2,P320224,ADL,2019-08-09,2020-01-03,147,0.402739726027397,4.2,56.1,0.0285714285714286,0.857142857142858,10.4285714285714
PT,2019-08-09,0747.000N,13418.000E,S,2019-10-31,1,0050.520N,14559.580E,5,PG,1,0,S,JP,Z,53,1,1,1,53,P320283,ADL,2019-08-09,2019-10-31,83,0.227397260273973,0,53,0,0,0
PT,2019-08-09,0747.000N,13418.000E,S,2020-01-03,2,0053.460S,15153.220E,6,PG,1,0,S,JP,Z,50,1,1,1,56.5,P320910,ADL,2019-08-09,2020-01-03,147,0.402739726027397,6.5,53.25,0.0442176870748299,1.3265306122449,16.1394557823129
PT,2019-08-09,0747.000N,13418.000E,S,2019-12-12,3,0219.500N,15226.460E,6,FM,1,0,S,JP,Z,56,1,1,1,56.7,P321031,JFM,2019-08-09,2019-12-12,125,0.342465753424658,0.700000000000003,56.35,0.00560000000000002,0.168000000000001,2.04400000000001
PT,2019-08-09,0747.000N,13418.000E,S,2020-02-03,3,0005.340N,14800.840E,6,PG,1,0,S,JP,Z,54,1,1,1,56.5,P321037,JFM,2019-08-09,2020-02-03,178,0.487671232876712,2.5,55.25,0.0140449438202247,0.421348314606742,5.12640449438202
PT,2019-08-09,0747.000N,13418.000E,S,2019-11-18,3,0125.560N,14741.100E,6,PG,1,0,S,JP,Z,54,1,1,1,57,P321048,JFM,2019-08-09,2019-11-18,101,0.276712328767123,3,55.5,0.0297029702970297,0.891089108910891,10.8415841584158
PT,2019-08-09,0747.000N,13418.000E,S,2019-11-19,3,0205.340N,15421.240E,7,FM,1,0,S,JP,Z,49,1,1,1,53.5,P321141,MAB,2019-08-09,2019-11-19,102,0.279452054794521,4.5,51.25,0.0441176470588235,1.32352941176471,16.1029411764706
PT,2019-08-09,0747.000N,13418.000E,S,2019-11-19,3,0205.340N,15421.240E,7,FM,1,0,S,JP,Z,52,1,1,1,54.6,P321007,JFM,2019-08-09,2019-11-19,102,0.279452054794521,2.6,53.3,0.0254901960784314,0.764705882352942,9.30392156862746
PT,2019-08-09,0747.000N,13418.000E,S,2019-12-12,3,0227.000N,15222.980E,6,FM,1,0,S,JP,Z,53,1,1,1,56.7,P321028,JFM,2019-08-09,2019-12-12,125,0.342465753424658,3.7,54.85,0.0296,0.888000000000001,10.804
PT,2019-08-09,0747.000N,13418.000E,S,2019-11-16,2,0153.280N,15434.620E,7,FM,1,0,S,JP,Z,52,1,1,1,56.2,P320767,DAL,2019-08-09,2019-11-16,99,0.271232876712329,4.2,54.1,0.0424242424242425,1.27272727272727,15.4848484848485
PT,2019-08-09,0747.000N,13418.000E,S,2020-02-11,3,0455.140N,15147.400E,7,FM,1,0,S,JP,Z,49,1,1,1,55.9,P321370,JFM,2019-08-09,2020-02-11,186,0.50958904109589,6.9,52.45,0.0370967741935484,1.11290322580645,13.5403225806452
PT,2019-08-09,0747.000N,13418.000E,S,2020-02-11,3,0455.140N,15147.400E,7,FM,1,0,S,JP,Z,54,1,1,1,57.5,P320747,DAL,2019-08-09,2020-02-11,186,0.50958904109589,3.5,55.75,0.0188172043010753,0.564516129032258,6.86827956989247
PT,2019-08-09,0747.000N,13418.000E,S,2019-12-05,2,0409.660N,15033.420E,5,FM,1,0,S,JP,Z,54,1,1,1,56.3,P322103,DAL,2019-08-09,2019-12-05,118,0.323287671232877,2.3,55.15,0.0194915254237288,0.584745762711864,7.11440677966101
PT,2019-08-09,0747.000N,13418.000E,S,2020-02-24,3,0139.300N,14517.400E,6,PG,1,0,S,JP,Z,50,1,1,1,60,P322111,DAL,2019-08-09,2020-02-24,199,0.545205479452055,10,55,0.050251256281407,1.50753768844221,18.3417085427136
PT,2019-08-09,0747.000N,13418.000E,S,2019-11-19,3,0209.960N,15427.300E,7,FM,1,0,S,JP,Z,56,1,1,1,56.4,P322138,DAL,2019-08-09,2019-11-19,102,0.279452054794521,0.399999999999999,56.2,0.00392156862745097,0.117647058823529,1.4313725490196
PT,2019-08-09,0747.000N,13418.000E,S,2019-11-16,2,0153.280N,15434.620E,7,FM,1,0,S,JP,Z,52,1,1,1,52.2,P322141,DAL,2019-08-09,2019-11-16,99,0.271232876712329,0.200000000000003,52.1,0.00202020202020205,0.0606060606060615,0.737373737373748
PT,2019-08-09,0747.000N,13418.000E,S,2019-11-18,3,0125.560N,14741.100E,6,PG,1,0,S,JP,Z,52,1,1,1,54.6,P322146,DAL,2019-08-09,2019-11-18,101,0.276712328767123,2.6,53.3,0.0257425742574258,0.772277227722773,9.3960396039604
PT,2019-08-09,0747.600N,13417.350E,S,2020-02-25,2,0102.580N,14454.420E,6,PG,1,0,S,JP,Z,55,1,1,1,58.7,P322041,MAB,2019-08-09,2020-02-25,200,0.547945205479452,3.7,56.85,0.0185,0.555,6.7525
PT,2019-08-09,0747.600N,13417.350E,S,2020-02-12,3,0048.500S,15545.000E,7,FM,1,0,S,JP,Z,52,1,1,1,57.9,P321632,BML,2019-08-09,2020-02-12,187,0.512328767123288,5.9,54.95,0.0315508021390374,0.946524064171123,11.5160427807487
PT,2019-08-09,0747.600N,13417.350E,S,2019-11-19,3,0205.340N,15421.240E,7,FM,1,0,S,JP,Z,49,1,1,1,55.5,P321880,MAB,2019-08-09,2019-11-19,102,0.279452054794521,6.5,52.25,0.0637254901960784,1.91176470588235,23.2598039215686
PT,2019-08-09,0747.600N,13417.350E,S,2020-03-24,3,0114.520N,14959.580E,6,PG,1,0,S,JP,Z,52,1,1,1,57.8,P321752,JFM,2019-08-09,2020-03-24,228,0.624657534246575,5.8,54.9,0.0254385964912281,0.763157894736842,9.28508771929824
PT,2019-08-09,0747.600N,13417.350E,S,2020-02-12,3,0009.720S,15506.060E,7,FM,1,0,S,JP,Z,49,1,1,1,54.5,P322018,MAB,2019-08-09,2020-02-12,187,0.512328767123288,5.5,51.75,0.0294117647058824,0.882352941176471,10.7352941176471
PT,2019-08-09,0747.600N,13417.350E,S,2019-12-02,3,0928.500N,14644.500E,7,FM,1,0,S,JP,Z,55,1,1,1,55.6,P321524,DAL,2019-08-09,2019-12-02,115,0.315068493150685,0.600000000000001,55.3,0.00521739130434784,0.156521739130435,1.90434782608696
PT,2019-08-09,0747.600N,13417.350E,S,2020-02-12,3,0048.500S,15545.000E,7,FM,1,0,S,JP,Z,51,1,1,1,57.5,P321861,MAB,2019-08-09,2020-02-12,187,0.512328767123288,6.5,54.25,0.0347593582887701,1.0427807486631,12.6871657754011
PT,2019-08-09,0747.600N,13417.350E,S,2019-11-24,1,0113.380N,14548.360E,4,PG,1,0,S,JP,Z,55,1,1,1,60,P321813,MAB,2019-08-09,2019-11-24,107,0.293150684931507,5,57.5,0.0467289719626168,1.4018691588785,17.0560747663551
PT,2019-08-09,0747.600N,13417.350E,S,2020-02-12,3,0048.500S,15545.000E,7,FM,1,0,S,JP,Z,49,1,1,1,55.8,P320468,ADL,2019-08-09,2020-02-12,187,0.512328767123288,6.8,52.4,0.0363636363636363,1.09090909090909,13.2727272727273
PT,2019-08-09,0747.600N,13417.350E,S,2019-10-31,1,0050.520N,14559.580E,5,PG,1,0,S,JP,Z,58,1,1,1,60,P321656,BML,2019-08-09,2019-10-31,83,0.227397260273973,2,59,0.0240963855421687,0.72289156626506,8.79518072289157
PT,2019-08-09,0747.600N,13417.350E,S,2020-03-21,3,0134.800N,15350.940E,6,FM,1,0,S,JP,Z,53,1,1,1,59.4,P321692,BML,2019-08-09,2020-03-21,225,0.616438356164384,6.4,56.2,0.0284444444444444,0.853333333333333,10.3822222222222
PT,2019-08-09,0747.600N,13417.350E,S,2019-11-18,3,0149.140N,15402.340E,7,FM,1,0,S,JP,Z,51,1,1,1,55.5,P321949,BML,2019-08-09,2019-11-18,101,0.276712328767123,4.5,53.25,0.0445544554455446,1.33663366336634,16.2623762376238
PT,2019-08-09,0750.000N,13419.600E,S,2019-11-16,2,0153.280N,15434.620E,7,FM,1,0,S,JP,Z,58,1,1,1,64.5,P322526,BML,2019-08-09,2019-11-16,99,0.271232876712329,6.5,61.25,0.0656565656565657,1.96969696969697,23.9646464646465
PT,2019-08-09,0750.000N,13419.600E,S,2019-12-20,3,0127.420S,15441.460E,7,PG,1,0,S,JP,Z,52,1,1,1,56.7,P322535,BML,2019-08-09,2019-12-20,133,0.364383561643836,4.7,54.35,0.0353383458646617,1.06015037593985,12.8984962406015
PT,2019-08-09,0750.000N,13419.600E,S,2019-12-25,3,0054.420N,15312.480E,6,FM,1,0,S,JP,Z,50,1,1,1,57.3,P322536,BML,2019-08-09,2019-12-25,138,0.378082191780822,7.3,53.65,0.0528985507246377,1.58695652173913,19.3079710144927
PT,2019-08-09,0750.000N,13419.600E,S,2020-02-11,3,0455.140N,15147.400E,7,FM,1,0,S,JP,Z,48,1,1,1,54.4,P322586,BML,2019-08-09,2020-02-11,186,0.50958904109589,6.4,51.2,0.0344086021505376,1.03225806451613,12.5591397849462
PT,2019-08-09,0750.000N,13419.600E,S,2019-11-18,3,0125.560N,14741.100E,6,PG,1,0,S,JP,Z,49,1,1,1,55,P322515,BML,2019-08-09,2019-11-18,101,0.276712328767123,6,52,0.0594059405940594,1.78217821782178,21.6831683168317
PT,2019-08-09,0750.000N,13419.600E,S,2019-10-31,1,0050.520N,14559.580E,5,PG,1,0,S,JP,Z,51,1,1,1,55,P323126,DAL,2019-08-09,2019-10-31,83,0.227397260273973,4,53,0.0481927710843374,1.44578313253012,17.5903614457831
PT,2019-08-09,0750.000N,13419.600E,S,2019-12-06,3,0337.980N,15134.080E,6,FM,1,0,S,JP,Z,54,1,1,1,56.8,P322995,JFM,2019-08-09,2019-12-06,119,0.326027397260274,2.8,55.4,0.0235294117647059,0.705882352941176,8.58823529411764
PT,2019-08-09,0750.000N,13419.600E,S,2020-03-12,2,0450.040N,15054.660E,7,FM,1,0,S,FM,Z,54,1,1,1,56.5,P323145,DAL,2019-08-09,2020-03-12,216,0.591780821917808,2.5,55.25,0.0115740740740741,0.347222222222222,4.22453703703704
PT,2019-08-09,0750.000N,13419.600E,S,2019-12-17,3,0148.900S,15227.600E,7,PG,1,0,S,JP,Z,57,1,1,1,62.5,P323147,DAL,2019-08-09,2019-12-17,130,0.356164383561644,5.5,59.75,0.0423076923076923,1.26923076923077,15.4423076923077
PT,2019-08-09,0750.000N,13419.600E,S,2019-10-31,1,0050.520N,14559.580E,5,PG,1,0,S,JP,Z,51,1,1,1,53,P323168,DAL,2019-08-09,2019-10-31,83,0.227397260273973,2,52,0.0240963855421687,0.72289156626506,8.79518072289157
PT,2019-08-09,0750.000N,13419.600E,S,2020-01-03,2,0053.460S,15153.220E,6,PG,1,0,S,JP,Z,51,1,1,1,55,P323184,DAL,2019-08-09,2020-01-03,147,0.402739726027397,4,53,0.0272108843537415,0.816326530612245,9.93197278911565
PT,2019-08-09,0750.000N,13419.600E,S,2019-11-18,3,0323.460N,15656.700E,7,FM,1,0,S,JP,Z,52,1,1,1,56.1,P323188,DAL,2019-08-09,2019-11-18,101,0.276712328767123,4.1,54.05,0.0405940594059406,1.21782178217822,14.8168316831683
PT,2019-08-09,0750.000N,13419.600E,S,2019-11-19,3,0205.340N,15421.240E,7,FM,1,0,S,JP,Z,54,1,1,1,57.9,P322904,JFM,2019-08-09,2019-11-19,102,0.279452054794521,3.9,55.95,0.038235294117647,1.14705882352941,13.9558823529412
PT,2019-08-09,0750.000N,13419.600E,S,2020-02-11,3,0455.140N,15147.400E,7,FM,1,0,S,JP,Z,53,1,1,1,58.6,P322422,BML,2019-08-09,2020-02-11,186,0.50958904109589,5.6,55.8,0.0301075268817204,0.903225806451613,10.989247311828
PT,2019-08-09,0750.000N,13419.600E,S,2019-12-06,3,0337.980N,15134.080E,7,FM,1,0,S,JP,Z,51,1,1,1,54.5,P322426,BML,2019-08-09,2019-12-06,119,0.326027397260274,3.5,52.75,0.0294117647058824,0.882352941176471,10.7352941176471
PT,2019-08-09,0750.000N,13419.600E,S,2020-02-24,3,0126.100N,14532.640E,6,PG,1,0,S,JP,Z,56,1,1,1,60.1,P322444,BML,2019-08-09,2020-02-24,199,0.545205479452055,4.1,58.05,0.0206030150753769,0.618090452261307,7.52010050251257
PT,2019-08-09,0750.000N,13419.600E,S,2019-11-18,3,0149.140N,15402.340E,7,FM,1,0,S,JP,Z,50,1,1,1,53,P322481,BML,2019-08-09,2019-11-18,101,0.276712328767123,3,51.5,0.0297029702970297,0.891089108910891,10.8415841584158
PT,2019-08-09,0750.000N,13419.600E,S,2020-02-23,3,0030.240N,14233.420E,5,PG,1,0,S,JP,Z,52,1,1,1,57.4,P322483,BML,2019-08-09,2020-02-23,198,0.542465753424658,5.4,54.7,0.0272727272727273,0.818181818181818,9.95454545454545
PT,2019-08-09,0750.000N,13419.600E,S,2019-12-17,3,0148.900S,15227.600E,7,PG,1,0,S,JP,Z,49,1,1,1,56.3,P322487,BML,2019-08-09,2019-12-17,130,0.356164383561644,7.3,52.65,0.0561538461538461,1.68461538461538,20.4961538461538
PT,2019-08-09,0750.000N,13419.600E,S,2020-04-28,3,0144.700N,15015.240E,7,PG,1,0,S,JP,Z,46,1,1,1,54.7,P322563,BML,2019-08-09,2020-04-28,263,0.720547945205479,8.7,50.35,0.0330798479087453,0.992395437262358,12.074144486692
PT,2019-08-09,0750.000N,13419.600E,S,2019-12-12,3,0219.500N,15226.460E,6,FM,1,0,S,JP,Z,49,1,1,1,55.5,P322564,BML,2019-08-09,2019-12-12,125,0.342465753424658,6.5,52.25,0.052,1.56,18.98
PT,2019-08-09,0750.000N,13419.600E,S,2019-11-18,3,0125.560N,14741.100E,6,PG,1,0,S,JP,Z,51,1,1,1,53.4,P322726,MAB,2019-08-09,2019-11-18,101,0.276712328767123,2.4,52.2,0.0237623762376237,0.712871287128713,8.67326732673267
PT,2019-08-09,0750.000N,13419.600E,S,2020-03-25,3,0127.300N,14907.080E,7,PG,1,0,S,JP,Z,52,1,1,1,58.1,P322730,MAB,2019-08-09,2020-03-25,229,0.627397260273973,6.1,55.05,0.0266375545851528,0.799126637554585,9.72270742358079
PT,2019-08-09,0750.000N,13419.600E,S,2019-11-16,2,0153.280N,15434.620E,7,FM,1,0,S,JP,Z,53,1,1,1,56.8,P323220,JFM,2019-08-09,2019-11-16,99,0.271232876712329,3.8,54.9,0.0383838383838384,1.15151515151515,14.010101010101
PT,2019-08-10,0747.000N,13415.000E,S,2019-11-21,3,0132.700N,14757.060E,6,PG,1,0,S,JP,Z,57,1,1,1,58.1,P323049,JFM,2019-08-10,2019-11-21,103,0.282191780821918,1.1,57.55,0.0106796116504855,0.320388349514564,3.89805825242719
PT,2019-08-10,0747.000N,13415.000E,S,2019-11-10,2,0233.900N,15247.580E,6,FM,1,0,S,JP,Z,51,1,1,1,54.7,P324063,ADL,2019-08-10,2019-11-10,92,0.252054794520548,3.7,52.85,0.0402173913043479,1.20652173913044,14.679347826087
PT,2019-08-10,0747.000N,13415.000E,S,2019-11-18,3,0209.120N,15427.300E,7,FM,1,0,S,JP,Z,53,1,1,1,56.9,P324132,MAB,2019-08-10,2019-11-18,100,0.273972602739726,3.9,54.95,0.039,1.17,14.235
PT,2019-08-10,0747.000N,13415.000E,S,2019-12-18,3,0201.500S,15230.540E,6,PG,1,0,S,JP,Z,59,1,1,1,60.5,P324192,MAB,2019-08-10,2019-12-18,130,0.356164383561644,1.5,59.75,0.0115384615384615,0.346153846153846,4.21153846153846
PT,2019-08-10,0752.400N,13410.400E,S,2019-11-18,3,0125.560N,14741.100E,6,PG,1,0,S,JP,Z,51,1,1,1,52.2,P324416,JFM,2019-08-10,2019-11-18,100,0.273972602739726,1.2,51.6,0.012,0.360000000000001,4.38000000000001
PT,2019-08-10,0752.400N,13410.400E,S,2019-12-25,3,0054.420N,15312.480E,7,FM,1,0,S,JP,Z,54,1,1,1,58.1,P324346,JFM,2019-08-10,2019-12-25,137,0.375342465753425,4.1,56.05,0.0299270072992701,0.897810218978103,10.9233576642336
PT,2019-08-10,0752.400N,13410.400E,S,2019-11-19,3,0209.960N,15427.300E,7,FM,1,0,S,JP,Z,53,1,1,1,54.1,P323464,MAB,2019-08-10,2019-11-19,101,0.276712328767123,1.1,53.55,0.0108910891089109,0.326732673267327,3.97524752475248
PT,2019-08-10,0752.400N,13410.400E,S,2019-11-21,3,0132.700N,14757.060E,6,PG,1,0,S,JP,Z,50,1,1,1,56.5,P323649,ADL,2019-08-10,2019-11-21,103,0.282191780821918,6.5,53.25,0.0631067961165049,1.89320388349515,23.0339805825243
PT,2019-08-10,0752.400N,13410.400E,S,2019-11-21,3,0132.700N,14757.060E,6,PG,1,0,S,JP,Z,49,1,1,1,54.1,P323862,BML,2019-08-10,2019-11-21,103,0.282191780821918,5.1,51.55,0.0495145631067961,1.48543689320388,18.0728155339806
PT,2019-08-10,0752.400N,13410.400E,S,2020-01-03,2,0053.460S,15153.220E,6,PG,1,0,S,JP,Z,51,1,1,1,56.7,P323068,JFM,2019-08-10,2020-01-03,146,0.4,5.7,53.85,0.039041095890411,1.17123287671233,14.25
PT,2019-08-10,0752.400N,13410.400E,S,2019-11-18,3,0125.560N,14741.100E,6,PG,1,0,S,JP,Z,49,1,1,1,56.1,P323077,JFM,2019-08-10,2019-11-18,100,0.273972602739726,7.1,52.55,0.071,2.13,25.915
PT,2019-08-10,0752.400N,13410.400E,S,2019-11-18,3,0125.560N,14741.100E,6,PG,1,0,S,JP,Z,50,1,1,1,53.1,P323084,JFM,2019-08-10,2019-11-18,100,0.273972602739726,3.1,51.55,0.031,0.93,11.315
PT,2019-08-10,0752.400N,13410.400E,S,2019-12-17,3,0148.900S,15227.600E,7,PG,1,0,S,JP,Z,52,1,1,1,55.7,P323398,DAL,2019-08-10,2019-12-17,129,0.353424657534247,3.7,53.85,0.0286821705426357,0.86046511627907,10.468992248062
PT,2019-08-11,0613.000N,13329.220E,S,2020-01-01,3,0036.600S,15413.860E,7,FM,1,0,S,JP,Z,51,1,1,1,58,P322331,ADL,2019-08-11,2020-01-01,143,0.391780821917808,7,54.5,0.048951048951049,1.46853146853147,17.8671328671329
PT,2019-08-11,0613.000N,13329.220E,S,2019-11-18,3,0149.140N,15402.340E,7,FM,1,0,S,JP,Z,56,1,1,1,57.7,P323468,MAB,2019-08-11,2019-11-18,99,0.271232876712329,1.7,56.85,0.0171717171717172,0.515151515151516,6.26767676767678
PT,2019-08-16,0605.180N,13342.800E,S,2020-02-18,2,0059.820N,14900.360E,7,PG,1,0,S,JP,Z,51,1,1,1,56.4,P322367,ADL,2019-08-16,2020-02-18,186,0.50958904109589,5.4,53.7,0.0290322580645161,0.870967741935484,10.5967741935484
PT,2019-08-16,0605.180N,13342.800E,S,2019-12-21,3,0104.740S,15633.720E,7,FM,1,0,S,JP,Z,57,1,1,1,60,P323475,MAB,2019-08-16,2019-12-21,127,0.347945205479452,3,58.5,0.0236220472440945,0.708661417322835,8.62204724409449
PT,2019-08-16,0605.180N,13342.800E,S,2019-12-17,3,0148.900S,15227.600E,7,PG,1,0,S,JP,Z,58,1,1,1,61.9,P323478,MAB,2019-08-16,2019-12-17,123,0.336986301369863,3.9,59.95,0.0317073170731707,0.951219512195122,11.5731707317073
PT,2019-08-20,0914.688N,13751.566E,S,2020-03-24,3,0057.120N,15016.620E,6,PG,1,0,S,JP,Z,62,1,1,1,69,P324533,JFM,2019-08-20,2020-03-24,217,0.594520547945205,7,65.5,0.032258064516129,0.967741935483871,11.7741935483871
PT,2019-08-20,0914.688N,13751.566E,S,2020-02-18,2,0059.820N,14900.360E,7,PG,1,0,S,JP,Z,63,1,1,1,63.6,P322398,VAL,2019-08-20,2020-02-18,182,0.498630136986301,0.600000000000001,63.3,0.0032967032967033,0.0989010989010991,1.20329670329671
PT,2019-08-20,0912.342N,13759.353E,S,2020-02-12,3,0048.500S,15545.000E,7,FM,1,0,S,JP,Z,52,1,1,1,57.4,P324911,VAL,2019-08-20,2020-02-12,176,0.482191780821918,5.4,54.7,0.0306818181818182,0.920454545454545,11.1988636363636
PT,2019-08-20,0912.342N,13759.353E,S,2020-04-30,1,0749.000N,14230.000E,8,FM,1,1,S,JP,Z,51,1,1,1,55,P324736,JFM,2019-08-20,2020-04-30,254,0.695890410958904,4,53,0.015748031496063,0.47244094488189,5.74803149606299
PT,2019-08-20,0911.809N,13759.093E,S,2020-02-11,3,0445.000N,15144.280E,7,FM,1,0,S,JP,Z,51,1,1,1,57.1,P324752,JFM,2019-08-20,2020-02-11,175,0.479452054794521,6.1,54.05,0.0348571428571429,1.04571428571429,12.7228571428571
PT,2019-08-20,0911.809N,13759.093E,S,2020-02-23,2,0028.260N,14230.060E,5,PG,1,0,S,JP,Z,53,2,1,1,55.9,P325405,JSP,2019-08-20,2020-02-23,187,0.512328767123288,2.9,54.45,0.0155080213903743,0.46524064171123,5.66042780748663
PT,2019-08-20,0911.809N,13759.093E,S,2020-02-11,3,0445.000N,15144.280E,7,FM,1,0,S,JP,Z,54,1,1,1,59.2,P324816,DAL,2019-08-20,2020-02-11,175,0.479452054794521,5.2,56.6,0.0297142857142857,0.891428571428572,10.8457142857143
PT,2019-08-20,0911.809N,13759.093E,S,2020-02-24,3,0131.980N,14519.740E,6,PG,1,0,S,JP,Z,54,1,1,1,55.8,P324822,DAL,2019-08-20,2020-02-24,188,0.515068493150685,1.8,54.9,0.00957446808510637,0.287234042553191,3.49468085106382
PT,2019-08-20,0911.809N,13759.093E,S,2020-04-02,3,0505.760N,14629.460E,6,FM,1,0,S,JP,Z,53,1,1,1,60.1,P324843,DAL,2019-08-20,2020-04-02,226,0.619178082191781,7.1,56.55,0.0314159292035398,0.942477876106195,11.466814159292
PT,2019-08-20,0914.113N,13808.523E,S,2020-02-11,3,0455.140N,15147.400E,7,FM,1,0,S,JP,Z,55,1,1,1,57.7,P324859,DAL,2019-08-20,2020-02-11,175,0.479452054794521,2.7,56.35,0.0154285714285714,0.462857142857143,5.63142857142858
PT,2019-08-20,0914.113N,13808.523E,S,2019-12-02,3,0928.500N,14644.500E,7,FM,1,0,S,JP,Z,54,1,1,1,56,P325443,JSP,2019-08-20,2019-12-02,104,0.284931506849315,2,55,0.0192307692307692,0.576923076923077,7.01923076923077
PT,2019-08-20,0914.113N,13808.523E,S,2020-02-18,2,0059.820N,14900.360E,7,PG,1,0,S,JP,Z,55,1,1,1,58.5,P326106,VAL,2019-08-20,2020-02-18,182,0.498630136986301,3.5,56.75,0.0192307692307692,0.576923076923077,7.01923076923077
PT,2019-08-20,0914.113N,13808.523E,S,2020-04-29,3,0405.580N,14533.060E,7,FM,1,0,S,JP,Z,55,1,1,1,62.7,P325764,JFM,2019-08-20,2020-04-29,253,0.693150684931507,7.7,58.85,0.0304347826086957,0.91304347826087,11.1086956521739
PT,2019-08-20,0914.113N,13808.523E,S,2020-02-25,2,0102.580N,14454.420E,6,PG,1,0,S,JP,Z,53,1,1,1,57.7,P325777,JFM,2019-08-20,2020-02-25,189,0.517808219178082,4.7,55.35,0.0248677248677249,0.746031746031746,9.07671957671958
PT,2019-08-20,0914.113N,13808.523E,S,2020-02-23,2,0028.260N,14230.060E,5,PG,1,0,S,JP,Z,57,1,1,1,64.3,P326138,VAL,2019-08-20,2020-02-23,187,0.512328767123288,7.3,60.65,0.0390374331550802,1.17112299465241,14.2486631016043
PT,2019-08-20,0914.113N,13808.523E,S,2020-03-17,3,0154.600N,15246.740E,7,FM,1,0,S,JP,Z,57,1,1,1,61,P326146,VAL,2019-08-20,2020-03-17,210,0.575342465753425,4,59,0.019047619047619,0.571428571428572,6.95238095238095
PT,2019-08-20,0914.113N,13808.523E,S,2020-02-23,2,0028.260N,14230.060E,5,PG,1,0,S,JP,Z,54,1,1,1,58.1,P326129,VAL,2019-08-20,2020-02-23,187,0.512328767123288,4.1,56.05,0.0219251336898396,0.657754010695187,8.00267379679145
PT,2019-08-20,0914.113N,13808.523E,S,2020-04-30,1,0749.000N,14230.000E,8,FM,1,1,S,JP,Z,52,1,1,1,60,P326033,JFM,2019-08-20,2020-04-30,254,0.695890410958904,8,56,0.031496062992126,0.94488188976378,11.496062992126
PT,2019-08-20,0914.113N,13808.523E,S,2019-12-12,3,0227.000N,15222.980E,6,FM,1,0,S,JP,Z,62,1,1,1,64.7,P326069,JFM,2019-08-20,2019-12-12,114,0.312328767123288,2.7,63.35,0.0236842105263158,0.710526315789474,8.64473684210527
PT,2019-08-24,0932.968N,14000.358E,S,2020-02-11,3,0445.000N,15144.280E,7,FM,1,0,S,JP,Z,48,1,1,1,53.1,P325660,VAL,2019-08-24,2020-02-11,171,0.468493150684932,5.1,50.55,0.0298245614035088,0.894736842105263,10.8859649122807
PT,2019-08-24,0932.968N,14000.358E,S,2019-12-06,3,0337.980N,15134.080E,7,FM,1,0,S,JP,Z,49,1,1,1,56.2,P325610,VAL,2019-08-24,2019-12-06,104,0.284931506849315,7.2,52.6,0.0692307692307693,2.07692307692308,25.2692307692308
PT,2019-08-24,0932.968N,14000.358E,S,2020-02-18,2,0059.820N,14900.360E,7,PG,1,0,S,JP,Z,52,1,1,1,58.8,P325619,VAL,2019-08-24,2020-02-18,178,0.487671232876712,6.8,55.4,0.0382022471910112,1.14606741573034,13.9438202247191
PT,2019-08-24,0932.968N,14000.358E,S,2020-04-30,1,0749.000N,14230.000E,8,FM,1,1,S,JP,Z,45,1,1,1,60,P326345,JFM,2019-08-24,2020-04-30,250,0.684931506849315,15,52.5,0.06,1.8,21.9
PT,2019-08-27,0730.166N,14334.716E,S,2020-03-02,1,0105.880S,14146.020E,5,PG,1,0,S,JP,Z,50,1,1,1,56.5,P326715,JFM,2019-08-27,2020-03-02,188,0.515068493150685,6.5,53.25,0.0345744680851064,1.03723404255319,12.6196808510638
PT,2019-08-27,0730.166N,14334.716E,S,2020-02-10,2,0354.180N,14746.920E,6,FM,1,0,S,JP,Z,52,1,1,1,59.2,P326962,VAL,2019-08-27,2020-02-10,167,0.457534246575342,7.2,55.6,0.0431137724550898,1.2934131736527,15.7365269461078
PT,2019-08-27,0730.166N,14334.716E,S,2019-12-12,3,0219.500N,15226.460E,6,FM,1,0,S,JP,Z,50,1,1,1,57.5,P324250,JFM,2019-08-27,2019-12-12,107,0.293150684931507,7.5,53.75,0.0700934579439252,2.10280373831776,25.5841121495327
PT,2019-08-28,0725.527N,14348.761E,S,2019-12-17,3,0148.900S,15227.600E,7,PG,1,0,S,JP,Z,54,1,1,1,59.3,P326798,JFM,2019-08-28,2019-12-17,111,0.304109589041096,5.3,56.65,0.0477477477477477,1.43243243243243,17.4279279279279
PT,2019-08-28,0733.854N,14332.829E,S,2020-02-11,3,0445.000N,15144.280E,7,FM,1,0,S,JP,Z,41,1,1,1,55.8,P326418,JFM,2019-08-28,2020-02-11,167,0.457534246575342,14.8,48.4,0.0886227544910179,2.65868263473054,32.3473053892216
PT,2019-08-29,0703.272N,14336.020E,S,2020-03-24,3,0135.520N,14928.140E,7,PG,1,0,S,JP,Z,50,1,1,1,56.2,L02161,MAB,2019-08-29,2020-03-24,208,0.56986301369863,6.2,53.1,0.0298076923076923,0.89423076923077,10.8798076923077
PT,2019-08-29,0703.272N,14336.020E,S,2019-11-16,2,0153.280N,15434.620E,7,FM,1,0,S,JP,Z,50,1,1,1,55.9,P325536,LAU,2019-08-29,2019-11-16,79,0.216438356164384,5.9,52.95,0.0746835443037975,2.24050632911392,27.2594936708861
PT,2019-08-29,0703.272N,14336.020E,S,2020-03-17,3,0200.660N,15258.800E,7,FM,1,0,S,JP,Z,49,1,1,1,60.7,P327616,JFM,2019-08-29,2020-03-17,201,0.550684931506849,11.7,54.85,0.0582089552238806,1.74626865671642,21.2462686567164
PT,2019-08-29,0703.272N,14336.020E,S,2020-02-11,3,0445.000N,15144.280E,7,FM,1,0,S,JP,Z,50,1,1,1,52,P327169,JFM,2019-08-29,2020-02-11,166,0.454794520547945,2,51,0.0120481927710843,0.36144578313253,4.39759036144578
PT,2019-08-29,0703.272N,14336.020E,S,2019-12-21,3,0104.740S,15633.720E,6,FM,1,0,S,JP,Z,52,1,1,1,56.6,P327544,JSP,2019-08-29,2019-12-21,114,0.312328767123288,4.6,54.3,0.0403508771929825,1.21052631578947,14.7280701754386
PT,2019-08-31,0710.707N,14620.954E,S,2020-03-11,2,0450.160N,15059.640E,7,FM,1,0,S,FM,Z,54,1,1,1,60.3,P327702,VAL,2019-08-31,2020-03-11,193,0.528767123287671,6.3,57.15,0.0326424870466321,0.979274611398963,11.9145077720207
PT,2019-08-31,0710.707N,14620.954E,S,2020-02-11,3,0455.140N,15147.400E,7,FM,1,0,S,JP,Z,49,1,1,1,50.9,P328053,JFM,2019-08-31,2020-02-11,164,0.449315068493151,1.9,49.95,0.0115853658536585,0.347560975609756,4.22865853658536
PT,2019-08-31,0710.707N,14620.954E,S,2020-02-11,3,0445.000N,15144.280E,7,FM,1,0,S,JP,Z,52,1,1,1,53.1,P328156,JFM,2019-08-31,2020-02-11,164,0.449315068493151,1.1,52.55,0.00670731707317074,0.201219512195122,2.44817073170732
PT,2019-08-31,0710.707N,14620.954E,S,2020-02-11,3,0455.140N,15147.400E,7,FM,1,0,S,JP,Z,50,1,1,1,52.7,P327771,VAL,2019-08-31,2020-02-11,164,0.449315068493151,2.7,51.35,0.0164634146341464,0.493902439024391,6.00914634146342
PT,2019-08-31,0710.707N,14620.954E,S,2020-02-11,3,0445.000N,15144.280E,7,FM,1,0,S,JP,Z,52,1,1,1,55.5,P328254,JFM,2019-08-31,2020-02-11,164,0.449315068493151,3.5,53.75,0.0213414634146341,0.640243902439024,7.78963414634146
PT,2019-08-31,0710.707N,14620.954E,S,2020-02-11,3,0445.000N,15144.280E,7,FM,1,0,S,JP,Z,51,1,1,1,53,P326637,MAB,2019-08-31,2020-02-11,164,0.449315068493151,2,52,0.0121951219512195,0.365853658536585,4.45121951219512
PT,2019-08-31,0710.707N,14620.954E,S,2020-02-11,3,0455.140N,15147.400E,7,FM,1,0,S,JP,Z,50,1,1,1,50.8,P326684,MAB,2019-08-31,2020-02-11,164,0.449315068493151,0.799999999999997,50.4,0.00487804878048779,0.146341463414634,1.78048780487804
PT,2019-08-31,0710.707N,14620.954E,S,2020-02-11,3,0455.140N,15147.400E,7,FM,1,0,S,JP,Z,51,2,1,1,55.3,P325567,JSP,2019-08-31,2020-02-11,164,0.449315068493151,4.3,53.15,0.0262195121951219,0.786585365853658,9.57012195121951
PT,2019-09-07,0632.000N,15811.600E,S,2020-04-08,3,0015.900N,14500.480E,6,PG,1,0,S,JP,Z,53,1,1,1,60.2,P327036,BML,2019-09-07,2020-04-08,214,0.586301369863014,7.2,56.6,0.0336448598130841,1.00934579439252,12.2803738317757
PT,2019-09-07,0631.130N,15814.000E,S,2020-02-11,3,0445.000N,15144.280E,7,FM,1,0,S,JP,Z,50,1,1,1,53,P328729,BML,2019-09-07,2020-02-11,157,0.43013698630137,3,51.5,0.0191082802547771,0.573248407643312,6.97452229299363
PT,2019-09-07,0631.130N,15814.000E,S,2020-02-12,3,0048.500S,15545.000E,7,FM,1,0,S,JP,Z,52,1,1,1,53.6,P328615,JFM,2019-09-07,2020-02-12,158,0.432876712328767,1.6,52.8,0.010126582278481,0.303797468354431,3.69620253164557
PT,2019-09-08,0636.000N,15815.555E,S,2020-04-25,1,0214.000N,17459.000E,8,GL,1,1,S,JP,Z,49,1,1,1,60,P330162,JFM,2019-09-08,2020-04-25,230,0.63013698630137,11,54.5,0.0478260869565217,1.43478260869565,17.4565217391304
PT,2019-09-08,0636.000N,15815.555E,S,2020-04-08,3,0015.900N,14500.480E,6,PG,1,0,S,JP,Z,52,1,1,1,61,P329811,JFM,2019-09-08,2020-04-08,213,0.583561643835616,9,56.5,0.0422535211267606,1.26760563380282,15.4225352112676
PT,2019-09-08,0626.040N,15813.440E,S,2020-04-02,3,0505.760N,14629.460E,6,FM,1,0,S,JP,Z,53,1,1,1,57.5,P329343,JFM,2019-09-08,2020-04-02,207,0.567123287671233,4.5,55.25,0.0217391304347826,0.652173913043478,7.93478260869565
PT,2019-09-10,0638.601N,15820.370E,S,2020-04-16,1,0015.000N,14518.000E,8,PG,1,1,S,JP,Z,50,1,1,1,63,P331674,JFM,2019-09-10,2020-04-16,219,0.6,13,56.5,0.0593607305936073,1.78082191780822,21.6666666666667
PT,2019-09-10,0638.601N,15820.370E,S,2019-11-18,3,0149.140N,15402.340E,7,FM,1,0,S,JP,Z,55,1,1,1,57.4,P331413,JFM,2019-09-10,2019-11-18,69,0.189041095890411,2.4,56.2,0.0347826086956522,1.04347826086956,12.695652173913
